<?xml version='1.0' encoding='UTF-8'?>
<project>
  <actions/>
  <description></description>
  <logRotator class="hudson.tasks.LogRotator">
    <daysToKeep>5</daysToKeep>
    <numToKeep>5</numToKeep>
    <artifactDaysToKeep>-1</artifactDaysToKeep>
    <artifactNumToKeep>-1</artifactNumToKeep>
  </logRotator>
  <keepDependencies>false</keepDependencies>
  <properties>
    <jenkins.plugins.slack.SlackNotifier_-SlackJobProperty plugin="slack@1.2">
      <room>#builds</room>
      <startNotification>true</startNotification>
      <notifySuccess>true</notifySuccess>
      <notifyAborted>true</notifyAborted>
      <notifyNotBuilt>true</notifyNotBuilt>
      <notifyUnstable>true</notifyUnstable>
      <notifyFailure>true</notifyFailure>
      <notifyBackToNormal>true</notifyBackToNormal>
    </jenkins.plugins.slack.SlackNotifier_-SlackJobProperty>
  </properties>
  <scm class="hudson.plugins.git.GitSCM" plugin="git@2.3.4">
    <configVersion>2</configVersion>
    <userRemoteConfigs>
      <hudson.plugins.git.UserRemoteConfig>
        <url>git@bitbucket.org:trucktrack/trucktrack-notification-system.git</url>
        <credentialsId>810e731e-5beb-4de9-b045-f4d44b2aa284</credentialsId>
      </hudson.plugins.git.UserRemoteConfig>
    </userRemoteConfigs>
    <branches>
      <hudson.plugins.git.BranchSpec>
        <name>backstage</name>
      </hudson.plugins.git.BranchSpec>
    </branches>
    <doGenerateSubmoduleConfigurations>false</doGenerateSubmoduleConfigurations>
    <submoduleCfg class="list"/>
    <extensions/>
  </scm>
  <canRoam>true</canRoam>
  <disabled>false</disabled>
  <blockBuildWhenDownstreamBuilding>false</blockBuildWhenDownstreamBuilding>
  <blockBuildWhenUpstreamBuilding>false</blockBuildWhenUpstreamBuilding>
  <triggers>
    <hudson.triggers.SCMTrigger>
      <spec>H/5 * * * *</spec>
      <ignorePostCommitHooks>false</ignorePostCommitHooks>
    </hudson.triggers.SCMTrigger>
  </triggers>
  <concurrentBuild>false</concurrentBuild>
  <builders>
    <hudson.tasks.Shell>
      <command>npm install</command>
    </hudson.tasks.Shell>
    <hudson.tasks.Shell>
      <command>grunt</command>
    </hudson.tasks.Shell>
    <hudson.tasks.Shell>
      <command>aws opsworks create-deployment --region=us-east-1 --stack-id=1b86f249-65a0-410a-adfc-a82379ac947e --app-id=c3c076b3-2cfe-4d6f-850e-209ed3d99049 --command &quot;{\&quot;Name\&quot;:\&quot;deploy\&quot;}&quot;</command>
    </hudson.tasks.Shell>
  </builders>
  <publishers>
    <hudson.tasks.Mailer plugin="mailer@1.12">
      <recipients>dev@trucktrack.co</recipients>
      <dontNotifyEveryUnstableBuild>true</dontNotifyEveryUnstableBuild>
      <sendToIndividuals>false</sendToIndividuals>
    </hudson.tasks.Mailer>
    <jenkins.plugins.slack.SlackNotifier plugin="slack@1.2">
      <teamDomain>trucktrack</teamDomain>
      <authToken>9lY3Z5NomvsdEEVRsiLVM9IP</authToken>
      <buildServerUrl>ci.trucktrack.co/</buildServerUrl>
      <room>#builds</room>
    </jenkins.plugins.slack.SlackNotifier>
  </publishers>
  <buildWrappers>
    <jenkins.plugins.nodejs.tools.NpmPackagesBuildWrapper plugin="nodejs@0.2.1">
      <nodeJSInstallationName>nodejs</nodeJSInstallationName>
    </jenkins.plugins.nodejs.tools.NpmPackagesBuildWrapper>
  </buildWrappers>
</project>