<?xml version='1.0' encoding='UTF-8'?>
<project>
  <actions/>
  <description></description>
  <logRotator class="hudson.tasks.LogRotator">
    <daysToKeep>-1</daysToKeep>
    <numToKeep>-1</numToKeep>
    <artifactDaysToKeep>-1</artifactDaysToKeep>
    <artifactNumToKeep>-1</artifactNumToKeep>
  </logRotator>
  <keepDependencies>false</keepDependencies>
  <properties>
    <jenkins.plugins.slack.SlackNotifier_-SlackJobProperty plugin="slack@1.2">
      <room>#builds</room>
      <startNotification>true</startNotification>
      <notifySuccess>true</notifySuccess>
      <notifyAborted>true</notifyAborted>
      <notifyNotBuilt>true</notifyNotBuilt>
      <notifyUnstable>true</notifyUnstable>
      <notifyFailure>true</notifyFailure>
      <notifyBackToNormal>true</notifyBackToNormal>
    </jenkins.plugins.slack.SlackNotifier_-SlackJobProperty>
  </properties>
  <scm class="hudson.plugins.git.GitSCM" plugin="git@2.3.4">
    <configVersion>2</configVersion>
    <userRemoteConfigs>
      <hudson.plugins.git.UserRemoteConfig>
        <url>git@bitbucket.org:trucktrack/knowledgebase.git</url>
        <credentialsId>810e731e-5beb-4de9-b045-f4d44b2aa284</credentialsId>
      </hudson.plugins.git.UserRemoteConfig>
    </userRemoteConfigs>
    <branches>
      <hudson.plugins.git.BranchSpec>
        <name>master</name>
      </hudson.plugins.git.BranchSpec>
    </branches>
    <doGenerateSubmoduleConfigurations>false</doGenerateSubmoduleConfigurations>
    <submoduleCfg class="list"/>
    <extensions/>
  </scm>
  <canRoam>true</canRoam>
  <disabled>false</disabled>
  <blockBuildWhenDownstreamBuilding>false</blockBuildWhenDownstreamBuilding>
  <blockBuildWhenUpstreamBuilding>false</blockBuildWhenUpstreamBuilding>
  <triggers>
    <hudson.triggers.SCMTrigger>
      <spec>H/5 * * * *</spec>
      <ignorePostCommitHooks>true</ignorePostCommitHooks>
    </hudson.triggers.SCMTrigger>
  </triggers>
  <concurrentBuild>false</concurrentBuild>
  <builders>
    <hudson.tasks.Shell>
      <command>aws opsworks create-deployment --region=us-east-1 --stack-id=33be7154-c217-48b5-96dc-fd1765da7e5d --app-id=8df7104d-cc18-4f87-973b-68f815d00e78 --instance-ids 4463b3e0-ab6b-4059-843d-6625f59a3bb2 --command &quot;{\&quot;Name\&quot;:\&quot;deploy\&quot;}&quot;</command>
    </hudson.tasks.Shell>
    <hudson.tasks.Shell>
      <command>aws opsworks create-deployment --region=us-east-1 --stack-id=33be7154-c217-48b5-96dc-fd1765da7e5d --app-id=d64bfe13-d044-41d1-817b-7e8e3c6d9ca5 --instance-ids 3798d32d-0e55-40d3-a3ea-e9e9b4b5c93b --command &quot;{\&quot;Name\&quot;:\&quot;deploy\&quot;}&quot;</command>
    </hudson.tasks.Shell>
  </builders>
  <publishers>
    <jenkins.plugins.slack.SlackNotifier plugin="slack@1.2">
      <teamDomain>trucktrack</teamDomain>
      <authToken>9lY3Z5NomvsdEEVRsiLVM9IP</authToken>
      <buildServerUrl>ci.trucktrack.co/</buildServerUrl>
      <room>#builds</room>
    </jenkins.plugins.slack.SlackNotifier>
  </publishers>
  <buildWrappers/>
</project>