<?xml version='1.0' encoding='UTF-8'?>
<maven2-moduleset plugin="maven-plugin@2.8">
  <actions/>
  <description></description>
  <logRotator class="hudson.tasks.LogRotator">
    <daysToKeep>5</daysToKeep>
    <numToKeep>2</numToKeep>
    <artifactDaysToKeep>-1</artifactDaysToKeep>
    <artifactNumToKeep>-1</artifactNumToKeep>
  </logRotator>
  <keepDependencies>false</keepDependencies>
  <properties>
    <jenkins.plugins.slack.SlackNotifier_-SlackJobProperty plugin="slack@1.2">
      <room>#builds</room>
      <startNotification>true</startNotification>
      <notifySuccess>true</notifySuccess>
      <notifyAborted>true</notifyAborted>
      <notifyNotBuilt>true</notifyNotBuilt>
      <notifyUnstable>true</notifyUnstable>
      <notifyFailure>true</notifyFailure>
      <notifyBackToNormal>true</notifyBackToNormal>
    </jenkins.plugins.slack.SlackNotifier_-SlackJobProperty>
  </properties>
  <scm class="hudson.plugins.git.GitSCM" plugin="git@2.3.4">
    <configVersion>2</configVersion>
    <userRemoteConfigs>
      <hudson.plugins.git.UserRemoteConfig>
        <url>git@bitbucket.org:trucktrack/trucktrack-server.git</url>
        <credentialsId>810e731e-5beb-4de9-b045-f4d44b2aa284</credentialsId>
      </hudson.plugins.git.UserRemoteConfig>
    </userRemoteConfigs>
    <branches>
      <hudson.plugins.git.BranchSpec>
        <name>backstage</name>
      </hudson.plugins.git.BranchSpec>
    </branches>
    <doGenerateSubmoduleConfigurations>false</doGenerateSubmoduleConfigurations>
    <browser class="hudson.plugins.git.browser.BitbucketWeb">
      <url></url>
    </browser>
    <submoduleCfg class="list"/>
    <extensions/>
  </scm>
  <canRoam>true</canRoam>
  <disabled>false</disabled>
  <blockBuildWhenDownstreamBuilding>false</blockBuildWhenDownstreamBuilding>
  <blockBuildWhenUpstreamBuilding>false</blockBuildWhenUpstreamBuilding>
  <triggers>
    <hudson.triggers.SCMTrigger>
      <spec>H/2 * * * *</spec>
      <ignorePostCommitHooks>false</ignorePostCommitHooks>
    </hudson.triggers.SCMTrigger>
  </triggers>
  <concurrentBuild>true</concurrentBuild>
  <rootModule>
    <groupId>co.trucktrack</groupId>
    <artifactId>trucktrack</artifactId>
  </rootModule>
  <goals>clean install -Denv=stage</goals>
  <aggregatorStyleBuild>true</aggregatorStyleBuild>
  <incrementalBuild>true</incrementalBuild>
  <ignoreUpstremChanges>true</ignoreUpstremChanges>
  <archivingDisabled>false</archivingDisabled>
  <siteArchivingDisabled>false</siteArchivingDisabled>
  <fingerprintingDisabled>false</fingerprintingDisabled>
  <resolveDependencies>true</resolveDependencies>
  <processPlugins>true</processPlugins>
  <mavenValidationLevel>-1</mavenValidationLevel>
  <runHeadless>false</runHeadless>
  <disableTriggerDownstreamProjects>false</disableTriggerDownstreamProjects>
  <blockTriggerWhenBuilding>true</blockTriggerWhenBuilding>
  <settings class="jenkins.mvn.DefaultSettingsProvider"/>
  <globalSettings class="jenkins.mvn.DefaultGlobalSettingsProvider"/>
  <reporters>
    <hudson.maven.reporters.MavenMailer>
      <recipients>dev@trucktrack.co</recipients>
      <dontNotifyEveryUnstableBuild>false</dontNotifyEveryUnstableBuild>
      <sendToIndividuals>false</sendToIndividuals>
      <perModuleEmail>true</perModuleEmail>
    </hudson.maven.reporters.MavenMailer>
  </reporters>
  <publishers>
    <jenkins.plugins.slack.SlackNotifier plugin="slack@1.2">
      <teamDomain>trucktrack</teamDomain>
      <authToken>9lY3Z5NomvsdEEVRsiLVM9IP</authToken>
      <buildServerUrl>ci.trucktrack.co/</buildServerUrl>
      <room>#builds</room>
    </jenkins.plugins.slack.SlackNotifier>
  </publishers>
  <buildWrappers/>
  <prebuilders/>
  <postbuilders>
    <hudson.tasks.Shell>
      <command>aws s3 cp target/trucktrack.war s3://trucktrack-java-wars/stage/ROOT.war</command>
    </hudson.tasks.Shell>
    <hudson.tasks.Shell>
      <command>aws opsworks create-deployment --region=us-east-1 --stack-id=1b86f249-65a0-410a-adfc-a82379ac947e --app-id=3a5dc461-272f-46e9-84a1-0d5fcf3fbb6a --command &quot;{\&quot;Name\&quot;:\&quot;deploy\&quot;}&quot;</command>
    </hudson.tasks.Shell>
  </postbuilders>
  <runPostStepsIfResult>
    <name>SUCCESS</name>
    <ordinal>0</ordinal>
    <color>BLUE</color>
    <completeBuild>true</completeBuild>
  </runPostStepsIfResult>
</maven2-moduleset>