<?xml version='1.0' encoding='UTF-8'?>
<project>
  <actions/>
  <description></description>
  <logRotator class="hudson.tasks.LogRotator">
    <daysToKeep>15</daysToKeep>
    <numToKeep>30</numToKeep>
    <artifactDaysToKeep>-1</artifactDaysToKeep>
    <artifactNumToKeep>-1</artifactNumToKeep>
  </logRotator>
  <keepDependencies>false</keepDependencies>
  <properties>
    <jenkins.plugins.slack.SlackNotifier_-SlackJobProperty plugin="slack@1.2">
      <room>#builds</room>
      <startNotification>true</startNotification>
      <notifySuccess>true</notifySuccess>
      <notifyAborted>true</notifyAborted>
      <notifyNotBuilt>true</notifyNotBuilt>
      <notifyUnstable>true</notifyUnstable>
      <notifyFailure>true</notifyFailure>
      <notifyBackToNormal>true</notifyBackToNormal>
    </jenkins.plugins.slack.SlackNotifier_-SlackJobProperty>
  </properties>
  <scm class="hudson.plugins.git.GitSCM" plugin="git@2.3.4">
    <configVersion>2</configVersion>
    <userRemoteConfigs>
      <hudson.plugins.git.UserRemoteConfig>
        <url>git@bitbucket.org:trucktrack/website.git</url>
        <credentialsId>810e731e-5beb-4de9-b045-f4d44b2aa284</credentialsId>
      </hudson.plugins.git.UserRemoteConfig>
    </userRemoteConfigs>
    <branches>
      <hudson.plugins.git.BranchSpec>
        <name>master</name>
      </hudson.plugins.git.BranchSpec>
    </branches>
    <doGenerateSubmoduleConfigurations>false</doGenerateSubmoduleConfigurations>
    <submoduleCfg class="list"/>
    <extensions/>
  </scm>
  <canRoam>true</canRoam>
  <disabled>false</disabled>
  <blockBuildWhenDownstreamBuilding>false</blockBuildWhenDownstreamBuilding>
  <blockBuildWhenUpstreamBuilding>false</blockBuildWhenUpstreamBuilding>
  <triggers>
    <hudson.triggers.SCMTrigger>
      <spec>H/5 * * * *</spec>
      <ignorePostCommitHooks>false</ignorePostCommitHooks>
    </hudson.triggers.SCMTrigger>
  </triggers>
  <concurrentBuild>false</concurrentBuild>
  <builders>
    <jenkins.plugins.publish__over__ssh.BapSshBuilderPlugin plugin="publish-over-ssh@1.12">
      <delegate>
        <consolePrefix>SSH: </consolePrefix>
        <delegate>
          <publishers>
            <jenkins.plugins.publish__over__ssh.BapSshPublisher>
              <configName>website</configName>
              <verbose>true</verbose>
              <transfers>
                <jenkins.plugins.publish__over__ssh.BapSshTransfer>
                  <remoteDirectory></remoteDirectory>
                  <sourceFiles>**/*</sourceFiles>
                  <excludes></excludes>
                  <removePrefix></removePrefix>
                  <remoteDirectorySDF>false</remoteDirectorySDF>
                  <flatten>false</flatten>
                  <cleanRemote>false</cleanRemote>
                  <noDefaultExcludes>false</noDefaultExcludes>
                  <makeEmptyDirs>false</makeEmptyDirs>
                  <patternSeparator>[, ]+</patternSeparator>
                  <execCommand></execCommand>
                  <execTimeout>120000</execTimeout>
                  <usePty>false</usePty>
                </jenkins.plugins.publish__over__ssh.BapSshTransfer>
              </transfers>
              <useWorkspaceInPromotion>false</useWorkspaceInPromotion>
              <usePromotionTimestamp>false</usePromotionTimestamp>
            </jenkins.plugins.publish__over__ssh.BapSshPublisher>
          </publishers>
          <continueOnError>false</continueOnError>
          <failOnError>false</failOnError>
          <alwaysPublishFromMaster>false</alwaysPublishFromMaster>
          <hostConfigurationAccess class="jenkins.plugins.publish_over_ssh.BapSshPublisherPlugin" reference="../.."/>
        </delegate>
      </delegate>
    </jenkins.plugins.publish__over__ssh.BapSshBuilderPlugin>
    <hudson.tasks.Shell>
      <command>aws opsworks create-deployment --region=us-east-1 --stack-id=db114d35-75b4-421c-b1ab-2002e8621b37 --app-id=4091183b-c901-40ff-b816-550dbddacaee --command &quot;{\&quot;Name\&quot;:\&quot;deploy\&quot;}&quot;</command>
    </hudson.tasks.Shell>
  </builders>
  <publishers>
    <hudson.tasks.Mailer plugin="mailer@1.12">
      <recipients>dev@trucktrack.co</recipients>
      <dontNotifyEveryUnstableBuild>false</dontNotifyEveryUnstableBuild>
      <sendToIndividuals>false</sendToIndividuals>
    </hudson.tasks.Mailer>
    <jenkins.plugins.slack.SlackNotifier plugin="slack@1.2">
      <teamDomain>trucktrack</teamDomain>
      <authToken>9lY3Z5NomvsdEEVRsiLVM9IP</authToken>
      <buildServerUrl>ci.trucktrack.co/</buildServerUrl>
      <room>#builds</room>
    </jenkins.plugins.slack.SlackNotifier>
  </publishers>
  <buildWrappers/>
</project>